"interview_nummer_fortlaufend","fragebogen_der_im_interview_verwendet_wurde","abi_punkte_mathe","abi_punkte_deutsch","abi_punkte_englisch","abi_punkte_biologie","abi_punkte_kunst","abi_note_note","item_kont","item14","item09","item17","item12","item02","item16","item43","item31","item29","item47","item39","item36","personlichkeit_bfi_10_bin_eher_zuruckhaltend_reserviert_umgepolt","personlichkeit_bfi_10_schenke_anderen_leicht_vertrauen_glaube_an_das_gute_im_menschen","personlichkeit_bfi_10_bin_bequem_neige_zur_faulheit_umgepolt","personlichkeit_bfi_10_bin_entspannt_lasse_mich_durch_stress_nicht_aus_der_ruhe_bringen_umgepolt","personlichkeit_bfi_10_habe_nur_wenig_kunstlerisches_interesse_umgepolt","personlichkeit_bfi_10_gehe_aus_mir_heraus_bin_gesellig","personlichkeit_bfi_10_neige_dazu_andere_zu_kritisieren_umgepolt","personlichkeit_bfi_10_erledige_aufgaben_grundlich","personlichkeit_bfi_10_werde_leicht_nervos_und_unsicher","personlichkeit_bfi_10_habe_eine_aktive_vorstellungskraft_bin_phantasievoll","dq_meaningless_responses","dq_distraction","dq_gerat","dq_gerat_andere_bitte_spezifizieren","muttersprache_sprache","muttersprache_sprache_keine_angabe","formale_bildung","formale_bildung_andere_qualifikation","x02_sportart_sportart_1","x02_sportart_anzahl_trainingsstunden_pro_woche_sportart_1_stunden","x02_sportart_sportart_2","x02_sportart_anzahl_trainingsstunden_pro_woche_sportart_2_stunden","x02_sportart_sportart_3","x02_sportart_anzahl_trainingsstunden_pro_woche_sportart_3_stunden","x02_sportart_sportart_4","x02_sportart_anzahl_trainingsstunden_pro_woche_sportart_4_stunden","x02_sportart_anzahl_trainingsstunden_pro_woche_insgesamt_stunden","x03_aerobe_sportart_sportart_1","x03_aerobe_sportart_anzahl_trainingsstunden_pro_woche_sportart_1","x03_aerobe_sportart_sportart_2","x03_aerobe_sportart_anzahl_trainingsstunden_pro_woche_sportart_2","x03_aerobe_sportart_sportart_3","x03_aerobe_sportart_anzahl_trainingsstunden_pro_woche_sportart_3","x03_aerobe_sportart_sportart_4","x03_aerobe_sportart_anzahl_trainingsstunden_pro_woche_sportart_4","x03_aerobe_sportart_anzahl_aerobe_trainingsstunden_pro_woche_insgesamt","x05_sport_kategorien_2","x04_sport_kategorien_1"
368,"heiq-black","9","9 ","12","7","14","2,1",1,1,7,3,5,2,2,2,4,2,1,8,6,5,4,4,3,4,5,2,3,4,5,2,1,2,"","English ",1,2,"","Swimming ","20","Swimmers dryland ","3 ","","","","","N/A","Swimming ","20","","","","","","","18 ",5,1
380,"heiq-green","","","","","","",1,3,9,2,4,2,8,8,7,3,5,5,4,2,2,4,1,2,3,4,4,5,3,2,1,1,"","Deutsch",1,3,"","Rennen","4","Gewichtstraining","5","","","","","9","Rennen","5","Laufen im Fitnessstudion","2","","","","","7",3,1
390,"heiq-green","14","13","9","99","13","1,4",1,1,1,1,1,1,1,1,1,1,1,1,1,2,4,4,2,4,4,3,5,4,4,1,1,1,"","Deutsch",1,2,"","Joggen","4","Krafttraining","1,5","","","","","5,5","Rennen","4","","","","","","","4",3,1
396,"heiq-red","","","","","","",1,1,1,1,1,1,8,1,1,7,NA,-9,NA,2,2,4,4,2,4,4,4,4,4,1,1,1,"","Luxemburgisch",1,2,"","Laufen","2","Workout","1","0","0","0","0","3","","","","","","","","","",NA,2
398,"heiq-green","13","14","14","11","12","1,3",1,9,8,2,1,2,7,3,1,5,2,5,7,4,4,4,2,4,4,4,5,2,4,2,1,1,"","deutsch",1,2,"","Krafttraining (Fitnesstudio)","5","Fußball","2","","","","","7","Joggen","1","","","","","","","1",2,1
400,"heiq-black","11","13","14","14","15","1,2",1,1,1,1,1,1,1,1,1,4,1,1,1,4,5,5,2,5,4,2,4,3,5,1,2,1,"","Deutsch",1,2,"","Mountainbiken","5","Klettern/Bouldern","3","","","","","8","Mountainbiken","5","","","","","","","5",2,1
404,"heiq-black","","","","","","",1,1,1,1,1,1,3,1,1,1,1,1,1,2,4,3,4,3,2,3,4,4,4,1,1,1,"","Luxemburgisch",1,2,"","Home Workouts","3","","","","","","","3","","","","","","","","","",NA,2
414,"heiq-black","12","13","99","99","99","1,2",1,1,1,1,1,1,1,1,1,4,1,1,1,4,3,3,3,4,4,4,5,3,4,1,1,1,"","Russisch",1,2,"","Workout","1","","","","","","","7","","","","","","","","","",NA,2
416,"heiq-red","8","10","13","99","99","2,3",1,1,9,9,1,1,1,3,7,5,2,8,8,2,3,3,4,3,2,4,4,5,4,1,2,3,"iPad ","Deutsch ",1,2,"","Reiten ","3-4","Physiotherapie (Krafttraining) ","2","Pilates ","3","Yoga","2","11","","","","","","","","","",NA,2
422,"heiq-green","14","11","14","13","99","1,4",1,9,9,2,1,1,2,1,1,8,2,4,1,2,4,3,2,2,2,4,3,4,2,1,2,1,"","Deutsch",1,2,"","Schwimmen","13","","","","","","","13","Schwimmen","13","","","","","","","13",5,1
424,"heiq-red","9","4","8","13","99","2,8",1,2,1,2,1,2,8,4,4,1,2,8,2,4,4,4,1,2,5,3,4,1,2,1,1,1,"","Deutsch",1,4,"","Tischtennis","6","","","","","","","6","","","","","","","","","",NA,2
428,"heiq-red","15","14","99","14","99","1",1,1,1,1,1,1,1,1,1,1,1,1,1,4,4,4,3,2,4,3,5,2,4,1,1,1,"","deutsch",1,2,"","Joggen","1","Tanzen","0,5","","","","","1,5","Joggen","1","","","","","","","1",1,1
432,"heiq-green","12","13","99","11","99","1,3",1,1,9,1,1,1,3,1,1,1,-9,8,1,4,4,4,4,4,4,3,5,2,5,1,1,1,"","Deutsch",1,2,"","Workout/Pilates","1,5","Joggen","1","","","","","2,5","Joggen","1","","","","","","","1",2,1
444,"heiq-green","10","9","5","10","11","2,4",1,9,9,1,4,1,8,1,2,7,3,2,1,4,4,4,3,2,4,3,4,3,3,2,1,1,"","Deutsch",1,2,"","Kraftsport ","5","Ausdauer ","2","","","","","7","Radfahren","2","Joggen","1","","","","","3",3,1
446,"heiq-red","13","9","8","11","13","2,4",1,1,1,1,1,1,1,1,3,1,1,1,1,2,4,2,4,5,3,3,4,4,4,1,3,2,"","Deutsch",1,4,"","Schwimmen","7,5","Fahrradfahren","2","","","","","9,5","Schwimmen","7,5","Fahrrad","2","","","","","9,5",4,1
450,"heiq-red","99","7","13","11","99","1,7",1,4,4,3,4,1,9,8,8,2,1,8,7,3,4,2,4,4,3,4,5,4,5,2,1,2,"","Deutsch ",1,2,"","Spazieren ","6","","","","","","","6","","","","","","","","","",NA,2
452,"heiq-black","6","6","7","10","13","3",1,5,2,8,9,1,3,7,1,3,2,2,3,3,4,2,2,2,4,4,4,2,2,1,1,2,"","Deutsch",1,2,"","Fitnessstudio ","8","","","","","","","8","","","","","","","","","",NA,2
460,"heiq-black","5","7","12","8","7","3,6",1,9,9,5,1,9,3,4,3,7,2,8,1,4,4,1,1,5,4,3,2,2,5,1,1,1,"","deutsch",1,2,"","Kraftsport","6","Ausdauersport (Jogging)","2","","","","","8","Jogging","2","","","","","","","2",2,1
462,"heiq-black","14","8","8","99","99","1,9",1,1,1,1,1,1,1,1,1,1,-9,-9,1,2,4,4,1,1,2,5,5,1,4,1,2,2,"","Deutsch ",1,4,"","Rad fahren ","20","Gymnastik","5","","","","","25","Rad fahren","20","","","","","","","20",5,1
464,"heiq-red","9","14","14","12","13","1,5",1,1,1,1,1,1,1,1,1,1,1,8,1,4,4,3,4,3,4,4,4,4,3,1,1,1,"","Deutsch",1,2,"","Volleyball","6","Kraftsport","4","","","","","10","Volleyball","6","","","","","","","6",4,1
468,"heiq-black","15","15","14","15","99","1",1,9,1,1,1,1,2,1,1,6,1,1,1,2,4,4,5,2,3,4,5,4,3,1,2,1,"","deutsch",1,2,"","Tanzen","2","Laufen","0,5","","","","","2,5","","","","","","","","","",NA,2
474,"heiq-green","10","6","7","12","13","2,2",1,9,1,1,1,1,1,1,7,1,1,8,1,5,5,2,3,4,5,5,4,2,4,1,1,1,"","Deutsch",1,2,"","Tanzen ","3 - 5","Turnen","2","","","","","6","","","","","","","","","",NA,2
476,"heiq-red","","","","","","",1,1,1,1,1,1,1,1,3,1,1,4,1,4,4,3,2,4,5,2,5,2,2,1,1,1,"","deutsch",1,2,"","Schwimmen","1","Workout","0,5","","","","","1,5","Schwimmen","1","","","","","","","1",2,1
484,"heiq-green","","","","","","",1,2,1,6,5,1,3,3,8,7,6,6,6,3,2,2,2,3,2,2,2,3,4,1,1,2,"","Litauisch",1,2,"","Krafttraining ","6","","","","","","","6","","","","","","","","","",NA,2
490,"heiq-black","13","12","11","14","12","1,6",1,1,1,1,1,1,3,3,1,1,1,1,1,3,4,2,2,3,4,2,4,4,2,1,1,1,"","Deutsch",1,4,"","Tanzen","2","Joggen","1,5","Yoga","2","","","5,5","Joggen","1,5","","","","","","","1,5",3,1
496,"heiq-green","5","7","5","5","13","3,1",1,5,7,9,2,2,5,4,1,2,4,2,2,4,5,1,3,3,5,4,3,2,4,3,1,2,"","Deutsch",1,2,"","0","0","0","0","0","0","0","0","0","","","","","","","","","",NA,2
500,"heiq-red","14","14","14","10","15","1,3",1,1,4,1,1,1,1,4,3,1,1,5,1,2,3,2,4,4,2,4,4,5,4,1,1,1,"","Deutsc",1,2,"","Schwimmen","1,5","Tanzen","1","","","","","2,5","","","","","","","","","",NA,2
506,"heiq-black","13-15","15","13-15","13-15","13-15","1",1,1,1,1,1,1,1,1,1,5,6,8,1,2,3,2,4,2,1,1,3,5,2,1,1,1,"","Deutsch",1,2,"","keine","0","","","","","","","0","","","","","","","","","",NA,2
510,"heiq-green","12","15","13","10","14","1,4",1,2,1,1,1,1,1,4,1,1,NA,5,NA,3,3,4,3,5,4,4,4,4,4,1,2,1,"","deutsch",1,2,"","Klettern","2","Fitness","1","","","","","3","","","","","","","","","",NA,2
512,"heiq-red","13","15","15","99","14","1,2",1,1,1,1,1,1,1,1,7,1,6,1,1,3,5,2,2,5,4,4,4,2,5,1,2,1,"","Deutsch",1,2,"","","","","","","","","","0","","","","","","","","","",NA,2
514,"heiq-black","6","10","8","99","10","2,4",1,1,1,1,1,2,1,1,5,5,NA,-9,NA,2,4,3,5,5,3,3,4,5,3,1,1,1,"","Türkisch",1,2,"","","","","","","","","","0","","","","","","","","","",NA,2
518,"heiq-red","13","10","12","11","14","1,6",1,1,1,1,1,1,1,5,1,1,1,8,1,2,2,3,4,4,2,4,4,3,3,1,1,1,"","deutsch",1,2,"","Joggen","2","Calisthenics","1","","","","","3","Joggen","2","","","","","","","2",2,1
540,"heiq-red","","","","","","",1,1,1,1,1,1,1,1,1,1,1,1,1,2,3,4,4,3,2,3,4,4,3,1,1,2,"","Ukrainisch",1,2,"","Schwimmen","10,5","Krafttraining","3","0","0","0","0","13,5","Schwimmen","10,5","","","","","","","10,5",4,1
550,"heiq-red","gut","gut","gut","sehr gut","gut","1,5",1,1,9,1,1,1,3,4,6,5,NA,8,8,2,3,2,4,3,4,4,3,3,4,1,2,1,"","deutsch",1,2,"","Radfahren","6","Laufen","3","Schwimmen","2","","","11","Triathlon","11","","","","","","","11",3,1
552,"heiq-black","","","","","","",1,1,1,1,1,1,1,1,1,1,1,1,1,1,4,4,2,2,2,3,5,2,3,1,1,1,"","Hebrew",1,4,"","Swimming","3","Bouldering","4","Running","1","Calisthenics","3","11","Swimming","3","Running","1","","","","","4",3,1
564,"heiq-black","15","14","13","12","99","1,1",1,1,1,1,1,1,1,1,1,1,1,1,1,4,5,4,1,4,4,5,4,1,3,1,1,1,"","Deutsch",1,2,"","Laufen","2,5","Schwimmen","2,5","Radfahren","9","","","14","Laufen","2","Schwimmen","2,5","Radfahren","8","","","12,5",4,1
570,"heiq-green","5","13","7","10","13","2,1",1,1,9,1,1,1,3,1,1,5,NA,4,-9,1,1,3,3,5,2,3,4,3,4,1,3,2,"","Deutsch",1,2,"","Laufen","3","/","/","/","/","/","/","3","","","","","","","","","0",2,1
572,"heiq-black","12","12","10","10","11","1,8",1,1,1,1,1,4,2,2,1,6,6,8,1,2,5,2,3,4,2,5,3,2,3,1,1,1,"","Deutsch",1,2,"","Bouldern","1","Gym","1","","","","","2","","","","","","","","","",NA,2
574,"heiq-red","13","14","13","99","99","1,2",1,9,1,9,5,1,9,1,1,3,1,5,8,2,2,3,4,3,3,1,4,4,4,1,1,1,"","deutsch",1,2,"","Wasserball","6","Schwimmen","4","","","","","10","Schwimmen und Wasserball","10","","","","","","","10",4,1
576,"heiq-black","14","11","12","99","13","1,3",1,1,1,1,1,1,1,1,1,1,1,1,1,3,4,3,2,3,3,3,5,2,2,1,1,1,"","deutsch",1,4,"","Fahrradfahren","4","","","","","","","4","Fahrradfahren","4","","","","","","","4",3,1
584,"heiq-black","13","12","9","8","8","2,4",1,9,1,2,1,1,7,4,8,5,5,5,8,1,3,2,1,1,2,4,4,3,2,1,2,2,"","deutsch",1,5,"","schwimmen","8","","","","","","","8","schwimmen","8","","","","","","","8",4,1
594,"heiq-black","14","14","13","99","99","1",1,1,1,1,1,1,1,1,5,4,1,8,1,4,3,4,3,2,3,2,4,2,3,1,2,1,"","deutsch",1,2,"","Fitnessstudio","1,5","Muskeltraining","1","","","","","2,5","","","","","","","","","",NA,2
598,"heiq-green","15","13","12","99","99","1",1,1,8,2,1,1,1,1,7,1,1,6,1,2,3,4,2,4,3,2,4,3,2,1,2,1,"","Deutsch",1,2,"","Tischtennis","2","Fußball","2","","","","","4","Fußball","2","","","","","","","2",3,1
604,"heiq-green","13","12","10","10","10","2",1,9,8,2,1,2,2,4,5,8,2,8,5,4,4,4,2,4,5,3,3,2,5,2,2,1,"","Deutsch",1,4,"","Fitness","3-4","Joggen","1h","Radeln","6","Spikeball/ FRisbee und Co","1-2","12-13","Schwimmen","1h ","Kardio Training zB Spinning","2","","","","","3",3,1
608,"heiq-red","9","9","9","5","9","2,9",7,1,1,1,1,1,1,2,1,1,2,-9,1,1,2,4,5,4,2,3,4,4,4,1,1,2,"","Deutsch",1,2,"","Fitnessstudio","6","","","","","","","6","","","","","","","","","",NA,2
610,"heiq-green","15","12","15","15","99","1",1,1,1,1,1,1,2,1,7,1,1,1,8,3,4,5,3,5,4,5,5,4,5,1,1,1,"","Deutsch",1,2,"","Bouldern","1,5","Hip Hop","1","","","","","2,5","Hip Hop","1","","","","","","","1",2,1
614,"heiq-green","15","12","13","99","99","1",1,1,1,1,1,2,1,3,1,5,6,1,1,4,4,1,3,1,4,2,2,5,1,1,3,1,"","deutsch",1,2,"","Joggen","2","Korfball","6","","","","","8","","","","","","","","","0",3,1
616,"heiq-red","0","7","11","2","9","3,3",1,2,8,2,1,1,1,4,1,1,NA,1,-9,4,3,4,4,5,4,2,2,2,5,2,3,1,"","deutsch",1,2,"","joggen","15","fahrrad","5","krafttraining","1","laufen","4","25","laufen","4","joggen","10","","","","","14",3,1
620,"heiq-green","10","6","10","8","13","2,5",1,9,1,9,6,1,1,8,8,2,2,8,8,4,2,4,3,4,4,4,5,2,4,2,1,2,"","Deutsch",1,4,"","Fitnessstudio","6h","Handball","4","","","","","10","Skilanglauf","1h","","","","","","","1",3,1
632,"heiq-black","","","","","","2,3",1,1,1,1,1,1,1,1,4,1,NA,8,NA,2,3,4,4,3,3,2,5,2,3,1,1,1,"","Deutsch",1,5,"","Radfahren","1","","","","","","","1","Radfahren","6","","","","","","","6",3,1
634,"heiq-red","14","13","99","99","11","1,1",1,1,1,1,5,1,1,1,5,6,7,1,1,2,4,4,5,4,3,4,4,3,2,1,1,1,"","Deutsch",1,5,"","Fitness","4","Yoga","2","","","","","6","","","","","","","","","",NA,2
636,"heiq-black","13","13","12","14","99","1,6",1,1,1,2,5,2,2,2,7,3,2,8,1,4,1,4,2,4,2,3,5,2,5,2,1,2,"","Deutsch",1,2,"","Kraftsport","3","Joggen","2","","","","","5","Fahrradfahrern ","3","","","","","","","3",2,1
640,"heiq-green","14","13","12","15","12","1,3",NA,1,1,1,1,1,1,1,-9,NA,NA,NA,NA,4,4,3,4,4,4,2,4,3,4,1,3,1,"","deutsch",1,7,"1. StEx Medizin","Volleyball","4","Spikeball","2","Radfahren","1,5","","","7,5","","","","","","","","","",NA,2
656,"heiq-black","11","13","13","11","99","1,9",1,1,8,1,1,2,2,2,1,1,4,8,8,4,4,4,1,5,2,4,5,2,5,1,1,1,"","Deutsch",1,2,"","Pilates","1,5","","","","","","","1,5","","","","","","","","","",NA,2
658,"heiq-red","14","13","15","99","13","1",1,1,9,1,1,1,1,1,7,1,1,4,1,2,4,2,4,4,3,2,4,4,2,1,2,1,"","Deutsch",1,2,"","Keine","","","","","","","","0","","","","","","","","","",NA,2
660,"heiq-green","10","7","10","12","5","2,1",1,1,1,1,5,1,1,1,1,3,1,1,8,2,4,2,2,2,3,4,3,2,2,1,2,2,"","Deutsch",1,2,"","Hockey","7","Kraftsport","2","","","","","10","Hockey","7","Laufen","1","","","","","8",5,1
664,"heiq-red","","","","","","",1,1,9,1,6,4,4,2,1,8,4,5,6,5,5,4,2,2,5,2,4,3,4,2,1,2,"","Deutsch ",1,2,"","Fitness","3","","","","","","","6","","","","","","","","","",NA,2
666,"heiq-black","10","12","9","9","13","1,9",1,2,8,1,1,1,2,1,1,7,NA,1,-9,4,3,4,4,4,4,2,4,2,3,1,1,2,"","Deutsch",1,2,"","Workout ","30 min","Workout ","30 min ","","","","","1","","","","","","","","","",NA,2
676,"heiq-green","11","9","10","8","99","1,8",1,1,1,2,1,2,2,3,1,5,-9,5,1,4,2,4,1,2,4,2,4,1,4,1,2,1,"","Deutsch",1,4,"","","","","","","","","","0","","","","","","","","","",NA,2
682,"heiq-black","12","13","99","15","14","1",1,1,1,2,1,1,2,3,3,5,1,8,1,1,4,2,4,4,4,3,4,4,4,2,1,1,"","Deutsch",1,2,"","","0","","0","","0","","0","0","","","","","","","","","",NA,2
694,"heiq-black","12","10","9","12","9","2",NA,1,8,2,1,4,1,3,1,-9,NA,NA,NA,2,4,4,4,4,4,3,4,3,4,1,1,1,"","Deutsch",1,2,"","Yoga","3,5","keine","","keine","","keine","","3,5","","","","","","","","","",NA,2
708,"heiq-black","12","14","9","12","15","1,4",1,1,1,1,4,1,5,1,1,1,1,8,1,2,5,2,2,4,3,4,4,1,5,1,1,1,"","deutsch",1,4,"","Krafttraining mit Hanteln und Eigengewichtsübungen","5","","","","","","","5","","","","","","","","","",NA,2
720,"heiq-red","10","12","99","12","11","1,6",1,1,1,1,4,1,2,1,7,5,3,8,8,4,4,2,2,4,4,4,3,2,4,2,1,1,"","Deutsch",1,2,"","Gym ","5","Pilates ","1","Spazieren ","1","","","7","","","","","","","","","",NA,2
722,"heiq-black","","","","","","",NA,2,3,9,2,2,2,2,8,5,NA,NA,NA,2,2,2,2,4,2,3,5,2,4,2,1,3,"Tablet","Deutsch ",1,3,"","Rennrad fahren","8","Krafttraining","2","Spazieren gehen","2","","","12","Rennrad fahren","8","","","","","","","8",3,1
726,"heiq-green","12","13","13","99","11","1,9",1,9,8,2,5,2,6,4,1,7,NA,8,-9,2,3,4,4,3,1,4,4,4,4,2,3,1,"","deutsch",1,5,"","Yoga","1","Joggen","1","Qi Gong","1","","","3","Joggen","1","","","","","","","1",1,1
728,"heiq-red","15","15","12","13","14","1",1,6,5,6,1,1,7,1,7,7,4,3,8,4,4,4,3,4,3,5,5,4,3,1,2,1,"","Deutsch",1,2,"","Joggen/Laufen gehen","1","Home Workout","0,5","","","","","1,5","Joggen/Laufen gehen","1","","","","","","","1",1,1
734,"heiq-black","7","5","13","11","12","2,4",1,2,4,9,1,1,7,5,3,1,2,8,4,1,2,2,5,4,3,4,4,4,5,1,1,1,"","Deutsch",1,2,"","Gym/Krafttraining","2","Tanzen","1,5","","","","","3,5","","","","","","","","","",NA,2
742,"heiq-red","7","12","10","12","99","1,7",1,4,1,3,2,1,3,2,7,3,2,5,2,4,5,4,4,4,5,3,4,4,4,2,1,1,"","deutsch",1,2,"","Bouldern","1","Joggen","1","Workout","2","Yoga","3,5","7,5","Joggen","1","","","","","","","1",1,1
766,"heiq-green","12","13","14","14","14","1,4",1,1,1,1,1,1,1,1,1,1,1,1,1,3,4,3,5,4,4,2,4,3,5,1,1,1,"","Deutsch",1,2,"","Schwimmen","10","Krafttrainig","5","","","","","15","Schwimmen","10","","","","","","","10",4,1
768,"heiq-red","4-6","4-6","13-15","10-12","4-6","2,8",1,2,5,1,3,2,2,7,2,6,2,6,5,1,2,2,2,2,1,4,4,4,2,1,1,2,"","Deutsch",1,2,"","3","4","0","0","0","0","0","0","4","","","","","","","","","",NA,2
772,"heiq-black","15","14","13","15","99","1,1",1,4,1,1,1,3,2,2,3,5,4,5,1,5,2,5,4,2,5,2,4,3,2,1,1,3,"IPad","Deutsch",1,2,"","Tanzen","1","Fahrradfahren","3","","","","","4","","","","","","","","","",NA,2
776,"heiq-green","","","","","","",1,9,8,9,4,2,3,3,1,5,2,8,2,2,2,3,4,3,2,1,5,4,3,1,1,1,"","Deutsch",1,7,"Fachwirt","Radfahren","14","Laufen","3","Schwimmen","2","Athletik","1","20","Radfahren","14","Laufen","2","Schwimmen","2","Athletik","1","20",4,1
778,"heiq-black","13","10","13","14","15","1,7",1,1,9,2,1,1,7,2,4,4,3,5,7,2,1,4,4,3,2,2,4,3,3,2,1,1,"","deutsch",1,4,"","Triathlon","12","Turnen","2","Tanzen","1","","","15","Triathlon","12","","","","","","","12",4,1
790,"heiq-red","","","","14","","2,2",1,2,4,9,1,4,7,1,1,5,2,8,8,2,3,4,1,1,4,3,3,5,5,1,3,1,"","Deutsch / Englisch",1,2,"","Laufen","8","Amerikan Football","4","","","","","12","Rennen","4","","","","","","","4",2,1
796,"heiq-red","5","5","10","10","14","3,4",1,2,3,1,4,2,2,1,1,5,1,7,8,4,4,2,4,5,2,4,2,4,5,2,2,2,"","deutsch",1,2,"","Spazieren","1","","","","","","","1","","","","","","","","","",NA,2
798,"heiq-red","","","","","","",1,1,1,2,1,4,3,3,7,5,2,5,8,3,4,4,3,5,4,4,4,3,4,1,2,1,"","Luxemburgisch",1,2,"","Laufen","2","","","","","","","2","Laufen","2","","","","","","","2",1,1
800,"heiq-black","4","11","12","-","-","2,9",1,1,1,2,1,2,3,3,6,7,6,8,8,2,1,4,3,4,2,3,4,5,4,2,3,2,"","Deutsch",1,2,"","Reiten","2","Joggen","1","","","","","3","","","","","","","","","0",2,1
802,"heiq-green","","","","","","",1,1,1,1,4,1,1,1,1,1,1,1,5,1,3,2,4,3,4,4,4,4,5,2,1,1,"","French",1,6,"","running","2.5","swimming","1.5","Climbing","2","","","6","running","2.5","swimming","1.5","","","","","4",3,1
836,"heiq-green","14","14","11","15","14","1,2",1,1,1,1,1,1,3,1,5,5,1,1,7,3,5,4,3,4,4,3,5,2,5,1,1,1,"","deutsch",1,2,"","Geräteturnen ","5","Fitnessstudio","4","","","","","9","","","","","","","","","",NA,2
838,"heiq-black","12","13","13","9","11","1,5",1,1,1,1,1,1,1,1,5,1,1,1,1,2,5,3,2,3,2,4,5,4,3,1,1,1,"","Deutsch",1,2,"","Pilates","2","","","","","","","2","","","","","","","","","",NA,2
844,"heiq-red","10-12","13","10","15","99","1,4",1,2,8,9,4,2,1,4,5,4,2,3,5,2,3,4,2,3,3,4,5,3,2,2,1,1,"","Deutsch",1,1,"","Fußball","3","Fitnessstudio","4","","","","","7","Fahrradfahren","2","","","","","","","2",3,1
850,"heiq-green","12","13","13","99","99","1,1",1,1,1,2,1,1,7,4,1,5,1,8,1,5,3,4,2,3,4,2,5,1,5,2,1,1,"","deutsch",1,2,"","Fitnessstudio","4,5","","","","","","","4,5","","","","","","","","","",NA,2
852,"heiq-green","","","","","","",NA,1,1,2,1,4,-9,NA,NA,NA,NA,NA,NA,1,5,1,5,5,4,1,5,5,5,1,1,2,"","italienisch",1,4,"","Radfahren ","5","Laufen","2,5","Schwimmen","1","Kraft ","0,5","9","Radfahren ","4","Laufen","2","Schwimmen ","1","Kraft","1","8",4,1
854,"heiq-red","13","12","11","11","15","1,8",1,1,1,1,1,1,1,1,1,1,7,4,1,1,4,2,4,5,4,2,4,5,5,1,3,2,"","Deutsch ",1,4,"","Rudern","1","","","","","","","1","Rudern ","1","","","","","","","1",1,1
856,"heiq-black","12","14","13","11","99","1,5",1,7,8,2,1,1,9,2,1,1,2,5,8,2,3,2,4,4,3,2,5,5,4,2,1,1,"","Deutsch",1,2,"","Reiten","2","Joggen","2","Schwimmen","2","","","6","Rennen ","2","Schwimmen","2","","","","","4",2,1
874,"heiq-black","14","15","15","12","10","1,3",1,2,4,2,1,2,8,4,1,1,3,8,7,2,2,5,4,4,2,4,5,4,4,2,2,1,"","Deutsch",1,5,"","Schwimmen","5","Laufen","3","Radfahren","3","Athletik","1.5","12,5","Schwimmen","5","Laufen","3","Radfahren","3","","","11",4,1
880,"heiq-black","14","13","11","14","99","1",1,1,8,1,1,2,8,4,3,7,2,2,1,2,4,4,4,3,3,4,4,4,2,1,1,1,"","Deutsch",1,4,"","Schwimmen","5","Home-Workout/ Joggen","0,5","","","","","5,5","Schwimmen","5","","","","","","","5",3,1
882,"heiq-red","12","10","11","15","12","2,1",1,2,1,2,4,1,3,2,8,1,5,5,2,3,2,4,2,4,3,4,2,1,4,2,3,2,"","Deutsch ",1,6,"","Rentadu","10","","","","","","","10","Rennrad ","8","","","","","","","8",5,1
892,"heiq-black","","","","","","",1,1,8,1,1,2,1,1,1,5,8,1,1,1,4,4,2,3,2,4,5,4,5,2,1,1,"","German",1,2,"","Swimming","4","","","","","","","4","Swimming","4","","","","","","","4",3,1
898,"heiq-red","","","","","","",1,3,8,9,1,4,2,2,7,1,-9,1,1,1,3,3,2,4,4,3,5,2,4,1,1,1,"","Afrikaans",1,4,"","Swimming","10","Gym/Weight Training","4","Running","3","Surfing","","17","Swimming","10","Running","3","","","","","13",4,1
912,"heiq-green","8","10","9","99","99","3",1,2,8,6,4,1,4,2,7,7,3,2,8,3,1,5,3,3,4,4,5,2,3,1,1,1,"","deutsch",1,2,"","Fitnesstudio","6","Tanzen ","1","-","-","-","-","7","","","","","","","","","",NA,2
916,"heiq-red","","","","","","",1,1,8,9,5,1,7,2,1,4,2,8,4,3,5,3,4,3,3,4,4,5,4,1,1,1,"","Afrikaans",1,2,"","Swimming ","10","Gym","2","","","","","12","Swimming","10","","","","","","","10",4,1
952,"heiq-red","10","12","99","99","99","1,8",1,1,1,1,1,1,1,1,1,5,6,1,5,2,5,5,4,4,4,4,5,2,4,1,2,1,"","Deutsch",1,2,"","Handball","4","Gym","2","","","","","6","Handball","4","","","","","","","4",3,1
958,"heiq-green","","","","","","",1,1,1,1,1,1,9,1,1,1,8,5,7,4,4,4,4,4,4,3,4,4,4,2,2,2,"","Deutsch",1,2,"","Pilates ","2","Tanzen","2","","","","","4","","","","","","","","","",NA,2
966,"heiq-black","2","8","7","3","10","3,5",1,9,1,6,1,2,3,3,8,4,-9,8,8,2,2,2,5,4,3,3,2,4,2,2,3,1,"","deutsch",1,2,"","spazieren","5","Fahrrad fahren","6","","","","","11","Radfahren","6","","","","","","","6",2,1
974,"heiq-green","12","9","13","13","12","1,5",1,1,1,2,1,4,1,4,4,1,6,5,7,3,4,4,3,4,3,4,4,4,3,1,1,2,"","deutsch ",1,2,"","Triathlon ","10","","","","","","","10","Triathlon ","10","","","","","","","10",4,1
976,"heiq-red","15","10","99","99","99","1,2",1,1,1,1,1,1,2,1,4,7,6,8,6,4,4,2,4,2,2,3,2,3,2,2,1,1,"","Deutsch",1,5,"","Schwimmen","1","Laufen","1","Rad fahren ","1","Klettern","1","4","SChwimmen","1","LAufen","1","Rad fahren","1","","","3",3,1
990,"heiq-black","12","12","12","14","99","1,6",1,1,1,1,1,1,1,1,1,4,1,5,1,4,5,1,1,3,5,2,2,1,3,1,2,1,"","Deutsch",1,2,"","","","","","","","","","0","","","","","","","","","",NA,2
992,"heiq-red","8","5","5","99","99","3,3",1,1,1,1,1,1,3,4,7,5,4,1,1,3,2,2,1,1,1,3,4,1,1,1,1,1,"","deutsch",1,6,"","schwimmen","6","radfahren","6","gewichte heben","6","situps","2","20","schwimmen","6","radfahren","6","","","","","6",2,1
998,"heiq-red","15","13","13","14","99","1",1,1,1,2,1,1,1,3,1,1,1,1,8,2,4,2,2,4,2,5,5,4,3,2,1,1,"","Deutsch",1,2,"","Schwimmen","10","Wasserball","3","","","","","13","Schwimmen","10","","","","","","","10",4,1
1008,"heiq-green","4","3","13","14","15","2,6",1,1,1,1,1,1,1,1,1,3,1,8,1,4,4,1,2,4,4,5,2,3,5,1,3,2,"","Deutsch",1,4,"","Klettern","4","Rudern","4","Wandern","2","","","10","Rudern","4","","","","","","","4",2,1
1010,"heiq-red","14","15","14","13","99","1,2",1,1,9,1,1,2,3,1,1,3,8,8,4,2,3,2,5,4,4,1,5,5,2,3,3,2,"","Deutsch",1,4,"","","","","","","","","","0","","","","","","","","","",NA,2
1014,"heiq-black","14","9","10","99","99","1,6",1,1,1,1,1,1,1,1,1,1,NA,1,-9,4,5,4,1,3,5,3,5,2,5,1,3,2,"","deutsch",1,4,"","Schach","4","League of Legends","2","Radln","3","Spazieren","6","15","Radlm","2","","","","","","","2",1,1
1020,"heiq-red","sehr gut","gut","sehr gut","sehr gut","gut","1,4",1,9,3,1,2,2,2,4,5,3,2,8,7,2,4,4,5,1,3,4,4,5,3,2,3,1,"","Englisch",1,2,"","Schwimmen","12","Gym","3","","","","","15","Schwimmen","12","","","","","","","12",4,1
1026,"heiq-red","11","13","9","12","13","1,8",1,1,1,2,1,2,3,5,4,5,NA,8,-9,4,2,3,2,2,2,2,4,2,2,1,2,2,"","Deutsch",1,2,"","Schwimmen","28","Kanpfsport","2","","","","","30","Schwimmen ","28","","","","","","","25",5,1
1030,"heiq-green","7","8","9","8","99","8",1,2,1,2,1,4,2,4,1,1,4,5,1,5,2,5,2,5,4,1,4,1,5,1,1,1,"","english",1,4,"","yoga","1.5","fitness","1","","","","","2.5","","","","","","","","","",NA,2
1032,"heiq-black","","","","","","",1,1,1,1,1,1,1,1,1,5,1,1,1,4,4,4,2,4,4,4,5,2,4,1,1,1,"","Deutsch",1,2,"","Schwimmen","15","","","","","","","15","Schwimmen","11","","","","","","","11",4,1
1040,"heiq-green","14","13","12","14","11","1,2",1,1,1,-9,1,1,1,1,1,-9,1,-9,1,3,3,5,4,1,3,4,5,3,4,1,1,3,"iPad ","Deutsch",1,2,"","Schwimmen","4,5","Laufen","1,5","","","","","6","Schwimmen","4,5","Laufen/rennen","1,5","","","","","6",3,1
1044,"heiq-red","","","","","","",1,1,1,1,1,2,-9,2,1,-9,3,1,-9,3,2,3,5,4,3,4,5,5,5,2,1,3,"Tablet","Deutsch",1,4,"","","","","","","","","","0","","","","","","","","","",NA,2
1050,"heiq-black","10","12","14","/","/","2,3",1,1,1,1,1,1,1,4,1,5,1,8,8,5,2,3,4,2,5,2,5,3,3,1,2,2,"","Deutsch",1,2,"","Badminton","1","Reiten","2","Volleyball","1","","","4","","","","","","","","","",NA,2
1060,"heiq-black","","","","","","",1,2,8,9,2,2,7,7,4,2,4,3,1,2,5,5,4,3,2,3,5,1,4,1,1,2,"","Afrikaans",1,4,"","Swimming ","10hrs","Dancing ","5hrs","","","","","15hrs","Swimming ","4hrs","","","","","","","4hrd",4,1
1062,"heiq-green","5","11","7","6","12","3",1,4,8,6,5,9,1,1,8,2,3,2,7,4,4,3,4,4,4,5,4,2,5,1,1,2,"","deutsch ",1,2,"","Fitnessstudio ","8","Tennis","2","Tanzen","1","Joggen","1","12","Rennen","0,5","tennis","2","Joggen ","1","Schwimmen","1","4,5",3,1
1066,"heiq-black","","","","","","",1,1,9,9,1,2,5,2,1,3,5,1,3,2,5,5,1,2,3,2,5,2,3,1,1,1,"","English",1,2,"","swimmming","10","gym","6","","","","","16","swimming","10","","","","","","","10",4,1
1090,"heiq-black","8","8","8","10","12","2,5",1,9,4,9,5,2,3,2,1,1,2,5,7,3,3,1,4,4,4,2,5,4,4,2,2,1,"","deutsch",1,3,"","Homeworkout","1-2","","","","","","","1-2","","","","","","","","","",NA,2
1092,"heiq-red","","","","","","",1,1,8,9,1,2,7,2,8,4,5,1,6,2,3,3,1,2,2,4,4,4,5,2,1,2,"","English ",1,2,"","Yoga","3 ","","","","","","","3","","","","","","","","","",NA,2
1104,"heiq-red","7","12","11","'09","99","1,8",1,1,1,1,5,1,1,1,1,1,1,8,7,2,4,3,2,1,4,4,5,3,2,1,1,1,"","Deutsch",1,2,"","","","","","","","","","0","","","","","","","","","",NA,2
1106,"heiq-black","7","8","8","9","4","2,5",1,1,1,1,5,1,1,4,1,1,5,8,1,4,3,3,4,5,5,5,2,3,5,1,1,1,"","Deutsch",1,2,"","Basketball","4","","","","","","","4","","","","","","","","","",NA,2
1120,"heiq-red","","","","","","",1,1,8,1,1,1,2,4,7,5,6,5,1,4,5,5,2,4,5,3,5,4,4,1,1,1,"","Hebrew",1,2,"","joging","2","yoga","1","","","","","3","runing","2","","","","","","","2",2,1
1132,"heiq-green","13","13","13","14","12","1,1",1,1,1,1,1,1,1,1,7,1,1,1,8,2,4,3,4,4,3,3,4,4,4,1,1,3,"IPad","Deutsch",1,2,"","Voltigieren","9","Krafttraining","3","","","","","12","","","","","","","","","",NA,2
1134,"heiq-black","","","","","","",1,1,1,1,1,1,1,1,1,3,-9,1,1,2,3,4,4,1,2,2,4,4,5,1,1,1,"","ungarisch",1,2,"","Training zu Hause","2","","","","","","","2","","","","","","","","","",NA,2
1146,"heiq-red","99","13","12","14","99","1,3",1,3,8,1,6,2,7,7,1,3,6,3,8,2,2,4,3,2,4,2,4,2,3,2,2,2,"","Deutsch",1,4,"","Krafttraining ","10","Yoga","1","","","","","11","","","","","","","","","",NA,2
1150,"heiq-black","10","10","12","15","13","1,8",1,1,1,2,1,4,1,4,5,1,-9,3,7,3,4,4,4,5,4,4,5,3,5,2,1,1,"","deutsch",1,2,"","schwimmen","10-12","krafttraining","3-4","","","","","13-16","schwimmen","10-12","","","","","","","10-12",4,1
1158,"heiq-red","13","9","11","15","15","1,2",9,3,3,1,8,7,8,4,8,8,2,4,8,3,4,4,3,4,3,3,3,4,4,1,1,1,"","deutsch",1,2,"","Handball","5","Klettern","10","laufen","5","","yoga","1","","","","","","","","","",NA,2
1164,"heiq-black","15","14","15","13","12","1",1,2,1,1,1,2,8,4,8,3,3,5,1,5,4,5,4,2,4,3,4,2,4,1,1,1,"","deutsch",1,2,"","schwimmen","4,5","laufen","3","krafttraining","1","","","8,5","schwimmen","4,5","laufen","3","","","","","7,5",2,1
1168,"heiq-black","","","","","","",1,1,9,1,1,1,1,4,1,1,1,1,1,4,4,3,3,3,3,3,4,2,4,1,1,1,"","deutsch",1,2,"","-","","","","","","","","0","","","","","","","","","",NA,2
1170,"heiq-red","9","12","14","10","99","2",1,3,8,3,6,4,1,7,5,7,3,8,3,5,5,5,4,5,5,4,4,1,4,2,3,1,"","Spanisch ",1,4,"","Tennis ","2","Tanzen","3","","","","","5","Tanzen","3","","","","","","","3",3,1
1174,"heiq-green","15","14","15","99","99","1",1,1,1,1,4,1,1,4,1,5,1,1,1,3,3,3,3,4,4,2,5,3,4,1,1,3,"Ipad ","Deutsch",1,2,"","","","","","","","","","0","","","","","","","","","",NA,2
1188,"heiq-black","14","10","14","12","99","1,5",1,1,1,1,1,1,1,1,1,1,1,4,8,4,5,4,2,4,4,3,2,3,5,1,1,1,"","Deutsch",1,2,"","Tischtennis","8","Fitnessstudio","4","","","","","12","","","","","","","","","",NA,2
1192,"heiq-red","15","11","99","99","99","1",1,1,1,1,1,1,1,1,1,1,1,1,1,2,3,2,2,4,3,2,5,3,3,1,1,1,"","Deutsch",1,2,"","Jujutsu","2","Krafttraining","1,5","","","","","3,5","","","","","","","","","",NA,2
1200,"heiq-black","'09","12","13","14","15","1,4",1,3,9,1,5,2,2,3,1,5,3,6,2,2,4,5,4,3,3,5,5,5,4,1,1,1,"","Deutsch",1,2,"","Joggen","2","Kraftsport mit eigenem Körpergewicht ","4","-","-","-","-","6","Joggen","2","-","-","-","-","-","-","2",2,1
1208,"heiq-red","14","15","14","15","14","1",1,1,1,1,1,1,1,1,7,4,7,8,7,2,2,2,3,4,2,4,4,2,4,2,2,1,"","deutsch",1,2,"","Krafttraining","4,5","Laufen","2,5","","","","","7","Laufen","2,5","Radfahren","3","","","","","5,5",4,1
1210,"heiq-green","","","","","","",1,4,1,1,1,1,6,1,7,4,4,3,3,3,3,2,1,4,1,3,3,1,4,3,1,2,"","Russian ",1,2,"","Swimming ","7","","","","","","","7","Swimming ","7","","","","","","","7",4,1
1220,"heiq-black","11","11","9","10","11","2,2",1,2,1,1,5,1,1,1,3,3,3,8,8,4,2,3,4,2,4,4,4,3,2,2,1,1,"","deutsch",1,2,"","Joggen","4","","","","","","","4","Joggen","4","","","","","","","4",2,1
1224,"heiq-green","","","","","","",1,1,1,1,6,1,2,1,1,1,NA,1,8,3,2,3,2,4,3,5,4,5,4,1,1,1,"","Rumänisch",1,2,"","Joggen ","5","","","","","","","5","Joggen ","5","","","","","","","5",3,1
1250,"heiq-black","","","","","","",1,1,1,1,1,1,1,1,1,1,NA,-9,NA,1,4,2,4,1,1,1,4,4,2,1,1,1,"","Italienisch",1,5,"","Seilspringen","0,75","Einfache Uebungen ohne Geraete (Liegestuetze, Kniebeugen, Crunches usw.)","0,5","Rudergeraet, Ganzkoerpertrainer","0,25","","","1,5","","","","","","","","","",NA,2
1254,"heiq-black","14","13","14","15","14","1,1",1,1,1,1,1,1,1,4,5,5,1,8,1,4,4,5,2,2,4,4,5,2,4,2,1,1,"","Deutsch",1,2,"","Leichtathletik","8","Krafttraining","4","Reiten","2","","","14","Leichtathletik Ausdauertraining","1","","","","","","","1",4,1
1258,"heiq-green","13","12","9","12","11","1,7",1,1,9,1,1,1,2,1,7,1,1,1,1,4,1,2,2,4,4,2,4,2,4,1,2,1,"","Deutsch",1,2,"","Zumba","1,50","Kraftsport ","2","","","","","3,50","","","","","","","","","",NA,2
1260,"heiq-black","13","12","99","12","10","1,4",1,1,1,1,1,1,1,1,1,1,1,1,1,4,5,3,3,5,4,4,3,2,5,1,1,1,"","deutsch",1,2,"","Bouldern/Klettern","2","Tanzen","3","","","","","5","","","","","","","","","",NA,2
1262,"heiq-green","13","13","99","15","99","1",1,1,1,1,1,1,1,1,1,4,2,1,1,2,4,3,4,4,2,4,4,3,2,2,1,1,"","Deutsch",1,2,"","Joggen","3","","","","","","","3","Rennen","3","","","","","","","3",2,1
1266,"heiq-black","","","","","","",NA,1,1,9,1,2,3,1,1,-9,NA,NA,NA,4,4,5,3,2,3,4,5,1,5,2,2,1,"","deutsch",1,7,"Betriebwirt (Studiengemeinschaft Darmdstadt)","Joggen","7,5","","","","","","","7,5","Joggen/Rennen","6","","","","","","","6",3,1
1270,"heiq-red","15","13","13","15","99","1",1,1,1,1,1,1,1,1,5,1,8,1,1,4,4,3,2,4,5,4,4,4,2,1,1,1,"","Deutsch ",1,2,"","Kickboxen ","3","Fitnessstudio/ Krafttraining ","5","Joggen ","1","Hip hop ","1","11","Laufen ","1","Rennrad ","2","Hyrox o.ä im Gym ","2","Inlinerfahren ","0,5","5,5",3,1
1290,"heiq-black","4","2","3","3","1","2,2",1,1,9,1,1,1,2,1,1,1,NA,-9,NA,3,2,1,2,4,4,1,2,3,4,1,3,1,"","Deutsch",1,2,"","","","","","","","","","0","","","","","","","","","",NA,2
1298,"heiq-black","13","14","15","14","99","1",1,1,1,1,1,1,1,1,5,1,7,1,5,3,2,4,4,4,3,2,5,5,4,1,2,1,"","deutsch",1,2,"","Kraftsport (Fitnessstudio)","3","Tennis","1","","","","","4","","","","","","","","","",NA,2
1308,"heiq-red","10","13","12","11","15","1,8",NA,9,9,1,5,4,3,-9,NA,NA,NA,NA,NA,2,2,4,4,5,2,4,5,4,4,1,1,2,"","deutsch",1,2,"","Laufen","1","Tanzen","4","Turnen ","4","Fitness ","1","10","Rennen/ Laufen","1-2","Handball","sehr unterschiedlich je nach Zeit","","","","","1-6",4,1
1310,"heiq-black","15","12","14","13","10","13",1,1,1,1,1,1,1,5,1,1,1,1,1,4,3,5,1,2,2,5,5,1,3,1,1,2,"","deutsch",1,5,"","Laufen","5","Bouldern","4","Krafttraining(Fitnessstudio)","5","","","14","Laufen","5","","","","","","","5",4,1
1316,"heiq-red","10","12","14","14","12","1,2",1,1,1,2,1,2,2,1,1,1,NA,1,8,1,1,2,4,5,1,2,4,4,4,1,2,1,"","deutsch",1,5,"","-","","","","","","","","0","","","","","","","","","",NA,2
1322,"heiq-black","11","13","-","11,5","-","1,5",1,1,1,2,5,2,8,4,7,1,2,8,2,3,4,2,3,2,3,2,5,3,4,1,1,1,"","Deutsch",1,4,"","Tennis","1,5","Fechten","2","","","","","3,5","","","","","","","","","",NA,2
1326,"heiq-red","","","","","","",1,7,9,1,3,2,7,3,2,5,2,8,7,5,4,3,1,4,5,3,4,2,2,1,1,1,"","Deutrsch",1,1,"","Volleyball","4","Radfahren ","2","Joggen","2","","","8","Joggen","2","Radfahren","2","","","","","4",3,1
1328,"heiq-green","15","13","14","15","10","1",1,1,1,1,1,1,3,1,1,5,1,1,6,3,3,3,3,3,3,3,3,3,3,1,1,2,"","Deutsch",1,5,"","","","","","","","","","2","","","","","","","","","",NA,2
1330,"heiq-black","","","","","","",1,2,1,2,1,2,6,1,3,6,2,5,1,2,4,3,3,5,4,3,4,3,3,1,1,1,"","Afrikaans",1,4,"","Swimming","4","Running","2","Gym","2","","","8","Swimming","4","Running","2","","","","","6",4,1
1338,"heiq-red","7","5","5","10","10","28",1,6,6,5,4,2,7,3,5,3,2,8,3,2,5,1,1,4,2,4,4,5,2,2,3,2,"","Deutsch",1,4,"","Keine","0","","","","","","","0","","","","","","","","","",NA,2
1346,"heiq-red","12","8","9","10","10","2,1",1,1,1,1,1,1,3,1,5,1,-9,1,1,5,5,4,2,3,1,4,4,2,4,1,2,1,"","deutsch",1,5,"","Cross Fit","3","Schwimmen","1","Joggen","1","","","5","Schwimmen","1","Joggen","1","","","","","2",3,1
1350,"heiq-black","15","14","13","99","99","1",1,1,1,1,1,1,1,1,1,1,-9,1,1,3,2,3,2,1,4,3,5,4,2,1,1,1,"","Deutsch",1,4,"","Volleyball","6","Bouldern","1","","","","","7","","","","","","","","","",NA,2
1358,"heiq-red","15","13","8","99","99","1,4",1,1,1,1,6,9,2,1,1,1,1,1,1,4,5,5,3,4,4,4,3,2,5,1,2,2,"","Deutsch",1,4,"","Krafttraining","1","","","","","","","1","Fahrradfahren","1,5","","","","","","","1,5",1,1
1366,"heiq-red","15","12","13","99","99","1",1,1,8,2,1,-9,1,1,1,1,1,-9,1,1,4,3,3,2,2,2,5,2,4,1,1,1,"","Deutsch",1,5,"","Wandern","4","","","","","","","4","","","","","","","","","",NA,2
1368,"heiq-green","14","15","14","14","99","1",1,1,1,1,1,1,1,1,1,1,1,1,1,2,4,2,5,2,2,2,4,4,3,1,1,1,"","deutsch",1,2,"","Reiten","2","Workout","1","","","","","3","Reiten","2","Teil eines Workouts","0,5","","","","","2,5",2,1
1378,"heiq-black","15","13","12","13","15","1,1",1,1,1,1,1,1,1,1,4,1,-9,1,1,3,5,2,2,4,3,5,4,3,3,1,2,1,"","Deutsch",1,2,"","Joggen","3","","","","","","","3","Joggen","3","","","","","","","3",2,1
1382,"heiq-black","4","10","12","99","99","1,8",1,1,1,1,1,1,1,1,1,1,1,1,1,4,5,2,5,1,4,3,4,1,4,1,1,1,"","Portuguese",1,2,"","Volleyball","4","Gym","3","Dancing ","1","","","8","Running in the gym","2","","","","","","","2",4,1
1384,"heiq-green","13","'06","'08","'07","'07","2,2",1,1,1,1,1,1,1,1,7,1,-9,1,1,2,2,3,2,2,2,1,5,4,4,1,1,1,"","Deutsch",1,2,"","Volleyball","7","Tennis","1.5","Joggen","'0.5","","","9","Volleyball","7","Tennis ","1","","","","","8",4,1
1394,"heiq-green","14","14","12","13","13","1,1",1,1,1,2,1,4,3,1,7,1,NA,8,4,4,4,4,4,4,4,4,5,2,4,1,1,1,"","deutsch",1,2,"","Basketball","9","Fitness (v.a. Laufen)","4","","","","","13","Basktball","9","Laufen","3","","","","","12",4,1
1400,"heiq-green","14","12","15","14","99","1",1,1,1,1,1,1,3,1,1,5,7,1,1,2,3,3,4,4,2,4,3,4,4,1,2,1,"","Deutsch",1,2,"","Joggen","2","","","","","","","2","Joggen","2","","","","","","","2",1,1
1404,"heiq-red","6","11","14","11","99","2,2",1,4,8,2,3,2,2,1,7,5,2,8,1,2,4,2,3,2,4,4,2,4,4,1,1,1,"","Deutsch",1,2,"","Hockey","4","Krafttraining","2","","","","","6","joggen","1","Hockey","4","","","","","6",2,1
1406,"heiq-black","","","","","","",1,2,9,2,4,1,8,1,1,5,NA,8,-9,3,5,2,1,1,4,4,2,2,2,1,2,1,"","Afrikaans",1,7,"B Mus Hons ","cycling","7","Biokinetics","2","none","0","none","0","9","cycling","7","","","","","","","7",4,1
1412,"heiq-red","15","12","14","15","12","1",1,1,1,1,1,1,-9,3,7,5,NA,8,NA,4,5,4,2,4,4,3,5,3,4,1,2,1,"","Deutsch",1,5,"","Radfahren","2","Workout","1","","","","","3","Radfahren","2","","","","","","","2",1,1
1420,"heiq-black","13","14","13","11","12","1",1,1,8,6,1,1,2,4,7,7,5,8,3,2,2,2,5,2,4,2,4,4,2,3,1,1,"","deutsch",1,2,"","Schwimmen","1,5","Kraftsport","4","0","0","0","0","5,5","Schwimmen","1,5","","","","","","","1,5",2,1
1430,"heiq-red","Gut","Gut","Befriedigend","Gut","Gut","1,8",1,1,1,9,1,1,2,1,1,5,4,8,1,2,4,4,5,2,2,2,5,2,1,1,2,2,"","Deutsch",1,4,"","Krafttraining","5","","","","","","","5","","","","","","","","","",NA,2
1434,"heiq-red","15","13","15","99","11","1",1,1,1,1,1,1,1,5,7,1,1,1,1,3,4,3,2,5,2,4,4,3,4,1,1,1,"","deutsch",1,2,"","Calisthenics","3","Laufen","3","Schwimmen","1,5","","","7,5","Laufen","3","Schwimmen","1,5","","","","","4,5",3,1
1440,"heiq-black","14","14","13","14","15","1",1,1,1,1,1,1,1,6,7,1,1,8,1,2,3,5,2,5,3,2,3,3,4,1,1,1,"","Deutsch",1,2,"","Yoga","4","Reiten","4","","","","","8","","","","","","","","","",NA,2
1446,"heiq-red","9","13","13","13","12","1,1",1,1,1,-9,1,-9,-9,1,1,-9,-9,-9,-9,4,4,3,3,4,4,4,3,2,4,2,3,1,"","Deutsch",1,2,"","Fitnessstudio","3","Joggen","2","","","","","5","Laufen","3","","","","","","","3",2,1
1456,"heiq-red","13","11","12","13","14","1,4",1,1,8,1,5,1,1,1,1,1,-9,3,1,3,3,4,4,4,2,5,3,5,4,1,2,1,"","Deutsch ",1,2,"","Ballett","1","Tanzen","1","Fitnessstudio ","2","","","4","Laufen im Fitnesstudio ","1","","","","","","","1",2,1
1464,"heiq-red","15","15","15","15","13","1",1,2,8,9,6,2,7,7,8,2,5,2,6,4,2,2,2,5,4,2,5,2,5,1,1,1,"","Deutsch",1,5,"","Bogenschießen","12","Basketball","2","Kraftsport","6","","","20","","","","","","","","","",NA,2
1466,"heiq-green","14","13","12","13","14","1,3",1,1,1,9,1,4,1,4,1,1,1,8,1,3,4,3,2,5,3,4,3,3,4,2,2,1,"","Deutsch",1,2,"","Geräte Turnen","8","Krafttraining","3","","","","","11","","","","","","","","","",NA,2
1468,"heiq-black","13","13","14","99","99","1",1,1,1,1,1,1,1,1,1,1,1,1,1,2,2,3,3,5,2,2,4,4,4,1,3,1,"","Chinesisch",1,2,"","Schwimmen","1,5","Joggen","2","","","","","3,5","Schwimmen"," 1,5","Joggen","2","","","","","3,5",2,1
1474,"heiq-red","11","9","9","13","99","2",1,1,1,1,1,1,1,1,1,1,1,8,1,2,3,1,4,1,3,4,2,4,2,2,1,1,"","Deutsch",1,2,"","Fitnessstudio","2","Yoga","1,5","","","","","3,5","","","","","","","","","",NA,2
1476,"heiq-green","15","15","14","13","13","1",1,1,1,1,1,1,2,1,7,1,-9,1,5,2,3,4,2,2,3,2,5,4,4,1,2,2,"","Deutsch",1,2,"","Krav Maga","1,5","Gym","3,5","","","","","5","","","","","","","","","",NA,2
1480,"heiq-black","13","15","15","15","14","1",7,1,4,1,1,1,5,1,1,1,2,2,1,2,3,4,4,3,3,3,5,4,4,2,1,1,"","Deutsch",1,2,"","Work Out","1","","","","","","","1","","","","","","","","","",NA,2
1482,"heiq-green","12","13","10","12","12","1,4",1,1,1,1,1,1,1,1,1,1,1,1,1,2,2,4,3,2,3,2,4,4,4,1,2,1,"","Deutsch",1,2,"","Fußball","4","Joggen","1","","","","","5","Joggen","1","","","","","","","1",3,1
1484,"heiq-red","15","13","14","14","99","1",1,1,1,1,1,1,1,1,7,1,-9,1,-9,3,5,4,2,3,5,4,5,2,2,1,1,1,"","German",1,2,"","Gym","6","Surfing","3","","","","","0","Running in the gym","1","Surfing","3","","","","","4",3,1
1486,"heiq-black","13","13","12","13","15","1,5",1,1,1,1,1,1,1,1,1,5,1,8,1,4,2,3,4,5,4,2,5,5,5,1,1,1,"","Deutsch",1,2,"","Joggen","1","","","","","","","1","","","","","","","","","",NA,2
1492,"heiq-green","11","12","14","13","13","1,4",1,1,1,1,1,1,1,1,7,1,2,8,1,2,3,2,4,4,3,2,4,4,4,1,1,1,"","deutsch",1,2,"","keine im vergangenen Monat","0","","","","","","","0","","","","","","","","","",NA,2
1494,"heiq-green","9","12","12","12","15","2",NA,1,1,9,1,4,1,-9,NA,NA,NA,NA,NA,2,4,2,3,5,4,3,5,3,5,2,1,1,"","Deutsch",1,2,"","Volleyball","3","","","","","","","3","Volleyball","3","","","","","","","3",3,1
1496,"heiq-red","15","13","15","15","99","1",1,1,4,1,1,1,1,1,1,1,1,1,1,5,5,3,4,5,5,4,5,3,5,1,1,1,"","deutsch",1,2,"","Fitnessstudio","3","Boxen","4","","","","","7","","","","","","","","","",NA,2
1504,"heiq-black","6","12","10","10","99","2",1,3,9,2,1,2,1,2,1,-9,NA,5,-9,2,4,4,2,5,2,2,5,3,4,2,2,1,"","deutsch",1,5,"","Yoga","1,5","Radfahren","5","Push-Ups","1","Sit-Ups","1","8,5","Radfahren","5","","","","","","","5",2,1
1506,"heiq-red","10","10","12","99","14","1,7",1,9,1,2,1,1,8,1,1,6,4,8,7,3,5,4,2,1,4,3,4,2,5,3,2,1,"","deutsch",1,4,"","Krafttrainnig","6","Fahrradfahren","4","Yoga / Breitensport ","2","","","12","Fahrradfahren","3","","","","","","","3",3,1
1514,"heiq-red","12","14","13","99","99","1",1,1,1,1,1,3,-9,1,1,1,-9,8,1,2,3,2,4,2,2,2,3,4,5,1,1,1,"","deutsch",1,2,"","Schwimmen","1,5","Gym","4","","","","","5,5","Schwimmen","1,5","","","","","","","1,5",1,1
1532,"heiq-black","14","11","8","13","11","1,7",1,9,4,-9,1,1,-9,1,1,-9,NA,1,NA,4,3,4,4,3,4,4,5,3,4,1,2,1,"","deutsch",1,4,"","boldern/klettern","2","","","","","","","2","","","","","","","","","",NA,2
1542,"heiq-green","","","","","","",1,1,4,2,1,2,3,4,7,1,2,5,7,2,5,5,4,5,3,1,3,4,5,3,2,1,"","English",1,4,"","Weight training","7","","","","","","","7","","","","","","","","","",NA,2
1548,"heiq-black","11","12","13","12","14","1,4",1,1,1,1,1,1,7,1,4,1,2,5,1,2,2,3,3,3,1,2,4,4,4,1,1,1,"","",2,2,"","Ju Jutzu","2","","","","","","","2","","","","","","","","","",NA,2
1556,"heiq-black","11","14","13","10","12","1,3",1,1,1,1,1,1,1,3,7,1,3,8,8,2,2,3,4,5,3,5,5,4,5,2,1,1,"","deutsch",1,2,"","Jazz Dance","1,5","Modern Dance","1,5","Fahrrad fahren","1","","","4","Radfahren","0,5","","","","","","","0,5",1,1
1560,"heiq-black","11","11","99","99","99","1,8",1,1,1,1,1,1,1,1,1,1,1,1,1,2,3,5,1,3,5,3,5,2,5,1,1,1,"","deutsch",1,2,"","Tennis","3","Joggen","1","","","","","4","Rennen","1","Tennis","3","","","","","4",3,1
1568,"heiq-red","","","","","","",1,3,9,1,1,4,7,3,4,2,2,5,1,4,5,2,2,4,4,4,2,2,4,1,2,1,"","Deutsch",1,3,"","Fitnessstudio","6","Boxen/ Kickboxen","2","","","","","10","","","","","","","","","",NA,2
1574,"heiq-black","13","12","15","99","99","1,3",1,1,1,8,1,1,1,1,1,1,1,1,1,3,4,1,4,4,4,2,5,4,4,1,1,1,"","Deutsch",1,2,"","Fitnessstudio","2","","","","","","","2","","","","","","","","","",NA,2
1578,"heiq-green","14","13","9","15","11","1,3",1,1,1,1,1,1,3,1,1,1,1,1,1,2,4,3,4,1,2,3,5,5,1,1,1,1,"","Deutsch",1,2,"","Fitnesstudio","6","Judo","1,5","","","","","7,5","","","","","","","","","",NA,2
1582,"heiq-red","10","14","14","99","99","1",1,1,1,1,1,1,2,3,4,7,2,5,4,3,4,2,4,2,4,3,4,4,2,2,1,2,"","deutsch",1,2,"","Handball","5","","","","","","","5","Handball ","5","","","","","","","5",3,1
1584,"heiq-green","14","12","15","10","12","1,4",1,1,1,1,1,1,1,1,1,1,7,1,1,1,3,2,3,2,2,2,4,4,4,1,2,1,"","Deutsch",1,2,"","Joggen","1","","","","","","","1","","","","","","","","","0",1,1
1589,"heiq-red","15","12","11","9","99","1,8",1,1,4,1,1,1,1,3,1,5,5,8,1,4,4,4,1,4,4,3,5,2,4,1,1,1,"","Deutsch",1,2,"","Kraftsport","10","Laufen","1","Muay Thai","1,5","","","12,5","Laufen","1","","","","","","","1",2,1
1593,"heiq-red","15","15","15","15","11","1",1,1,1,1,1,1,1,1,1,1,1,1,1,4,4,5,5,2,4,2,5,4,2,1,2,1,"","deutsch",1,2,"","Joggen","1","Tennis","1","","","","","2","Laufen ","1","Tennis","1","","","","","2",1,1
1597,"heiq-green","9","12","10","99","12","2,3",NA,1,1,1,1,1,1,1,7,-9,NA,NA,NA,3,3,2,3,4,3,4,3,4,4,1,2,1,"","deutsch",1,2,"","Laufen gehen","4","Kraft/Ausdauer, HIIZ","2","","","","","6","Ausdauer/HIIT","2","","","","","","","2",3,1
1601,"heiq-black","13","15","15","13","10","1,3",1,1,1,1,1,1,1,3,1,1,2,5,1,2,2,2,1,1,2,2,5,2,2,1,1,1,"","deutsch und englisch ",1,2,"","Fitnessstudio","4","Spaziergang","3","","","","","8","","","","","","","","","",NA,2
1609,"heiq-green","14","13","12","14","14","1",1,9,1,1,1,1,3,4,7,5,-9,8,1,2,3,4,4,4,2,4,4,4,4,1,1,1,"","deutsch",1,2,"","Klettern","2-4","Gym","2","Schwimmen","2","","","6-8","Schwimmen","2","Basketball","1","","","","","3",2,1
1623,"heiq-red","5","9","5","9","11","2,9",1,3,8,6,5,2,2,4,2,7,2,5,2,5,4,3,2,4,5,3,4,2,5,1,1,1,"","Deutsch",1,4,"","Rennradfahrenn","3","Tennis ","1","","","","","4","Rennradfahren ","3","","","","","","","3",2,1
1635,"heiq-red","7","13","13","13","12","13",1,9,8,9,1,2,2,2,3,8,3,-9,8,4,4,4,3,1,5,3,4,2,4,2,1,3,"iPad","Deutsch",1,2,"","Fitness Studio ","6","","","","","","","6","","","","","","","","","",NA,2
1641,"heiq-black","15","15","13","15","13","1",1,1,1,1,4,1,1,1,1,3,1,5,1,2,4,4,2,4,3,4,5,2,5,2,1,2,"","Deutsch",1,2,"","","","","","","","","","0","","","","","","","","","",NA,2
1643,"heiq-green","15","14","10","99","99","1",1,2,1,1,1,1,1,1,7,1,1,1,6,2,3,2,2,2,3,2,3,5,3,2,3,1,"","Deutsch",1,2,"","Fußball","7","","","","","","","7","Fußball","7","","","","","","","7",4,1
1647,"heiq-black","12","13","14","13","12","1,1",1,1,1,1,1,1,1,4,5,1,1,8,1,4,5,2,3,5,4,4,5,2,4,1,1,1,"","deutsch",1,4,"","Fitnessstudio","4","Tanzen","2","","","","","6","","","","","","","","","",NA,2
1651,"heiq-black","99","12","11","11","99","1,5",1,1,8,1,1,2,7,5,7,7,2,5,8,4,4,4,5,2,4,2,4,2,4,2,1,1,"","Deutsch",1,2,"","Fitnessstudio","6","Joggen","2","","","","","8","Joggen","2","","","","","","","2",1,1
1653,"heiq-red","14","15","15","99","14","1",1,1,9,2,1,1,3,1,7,5,6,1,1,3,4,4,1,2,2,3,5,5,3,1,1,1,"","Deutsch",1,2,"","Joggen","3","Fitness","7","Volleyball","2","","","12","Joggen","3","","","","","","","3",2,1
1657,"heiq-green","11","12","13","13","99","1,3",1,1,1,1,1,1,2,1,7,4,1,8,1,4,3,5,2,5,5,4,5,2,4,1,3,1,"","deutsch",1,2,"","Fitness","3","Ausdauer","1","Wandern","2","","","6","Joggen ","1","","","","","","","1",2,1
1665,"heiq-black","13","14","14","99","99","1",1,1,1,1,1,1,1,1,1,1,1,1,1,3,4,3,2,4,3,3,4,2,2,1,1,1,"","deutsch",1,5,"","Laufen","2","Kraftsport","2","","","","","4","Laufen","2","","","","","","","2",3,1
1667,"heiq-green","13","12","12","15","14","1,3",1,1,1,1,1,1,1,3,4,1,6,4,1,3,4,4,2,4,4,5,3,3,5,2,1,2,"","Deutsch ",1,2,"","Joggen ","2","","","","","","","2","","","","","","","","","0",1,1
1671,"heiq-black","12","14","13","12","13","1,3",1,1,1,1,1,1,1,1,1,1,1,8,1,2,3,2,4,4,2,3,4,5,5,1,1,1,"","Deutsch",1,2,"","Yoga","4","","","","","","","4","","","","","","","","","",NA,2
1683,"heiq-black","15","12","12","11","99","1,6",1,1,1,1,5,1,1,4,1,3,4,1,1,4,4,4,2,2,4,4,5,3,2,1,1,2,"","Deutsch",1,5,"","Hiit","3","Laufen","1","X","0","X","0","4","Laufen","1","Schwimmen","0","Radfahren","0","X","0","1",1,1
1687,"heiq-green","","","","","","",1,1,1,-9,1,2,1,1,1,5,1,8,1,2,2,4,4,1,4,5,4,5,4,2,1,1,"","France",1,5,"","","","","","","","","","0","","","","","","","","","",NA,2
1693,"heiq-green","14","13","12","99","15","1,5",1,1,9,1,1,1,1,1,1,1,-9,5,8,3,4,2,2,4,2,3,4,3,4,1,1,1,"","deutsch",1,4,"","Schwimmen","6","Rennrad","1,5","Laufen","3","Rudern","2","15","Triathlon","10","Rudern","2","","","","","14",4,1
1695,"heiq-black","14","14","14","99","99","1",1,1,1,1,1,2,1,1,7,1,1,5,1,4,4,2,1,2,2,3,4,1,4,2,1,3,"iPad ","Deutsch",1,2,"","","","","","","","","","0","","","","","","","","","",NA,2
1703,"heiq-red","10","10","9","11","11","2,1",NA,1,1,1,1,4,1,-9,NA,NA,NA,NA,NA,4,2,5,3,2,4,2,5,2,3,1,1,1,"","deutsch",1,4,"","Fitnessstudio","6","Laufen","3","","","","","9","Rennen","3","","","","","","","3",3,1
1705,"heiq-black","14","14","14","15","99","1",1,1,1,9,5,1,2,4,1,5,1,8,1,2,4,3,4,5,2,2,5,3,4,1,2,2,"","Deutsch",1,2,"","Volleyball","2","","","","","","","2","","","","","","","","","",NA,2
1711,"heiq-black","9","13","11","12","12","2",1,1,1,9,1,1,4,2,3,5,1,8,1,1,3,2,2,4,2,2,4,2,4,2,2,2,"","Deutsch",1,4,"","MMA","4","Gym","3","","","","","7","","","","","","","","","",NA,2
1719,"heiq-black","7","11","8","11","99","2,2",1,1,1,1,1,1,1,1,1,1,-9,1,8,3,5,2,2,2,3,3,4,2,3,1,1,1,"","deutsch",1,2,"","keine","","","","","","","","0","","","","","","","","","",NA,2
1723,"heiq-red","6","10","10","99","99","2,3",7,1,9,-9,1,1,-9,3,1,-9,3,8,-9,2,4,2,4,2,3,2,4,5,3,2,2,3,"Tablet","Deutsch",1,2,"","Tanzen","1","","","","","","","1","","","","","","","","","",NA,2
1727,"heiq-green","12","12","11","11","13","1,5",1,1,9,2,1,1,2,2,1,1,2,8,6,4,4,3,3,4,4,2,4,4,3,2,1,2,"","deutsch ",1,2,"","Fahrrad fahren","2","","","","","","","2","Radfahren","2","","","","","","","2",1,1
1737,"heiq-red","12","13","11","12","14","1,7",1,1,1,1,1,1,3,2,1,1,1,8,1,3,4,2,2,4,3,5,5,4,5,2,1,1,"","deutsch",1,5,"","Handball","3","Fahrrad","4","","","","","7","-","","","","","","","","-",3,1
1739,"heiq-black","12","11","12","13","99","1,5",1,1,1,9,1,-9,3,3,1,1,-9,-9,1,2,3,2,5,4,2,2,5,5,4,2,1,1,"","Deutsch",1,2,"","Krafttraining","2-3","","","","","","","2-3","","","","","","","","","",NA,2
1745,"heiq-black","12","13","12","12","99","1,3",1,9,1,2,1,1,3,2,1,1,2,8,1,4,4,2,3,4,4,2,4,2,4,2,2,2,"","Deutsch",1,2,"","Fußball","5","Yoga","2","","","","","7","Fußball","5","","","","","","","5",3,1
1761,"heiq-black","12","10","9","10","10","2,4",-9,1,9,2,1,1,1,4,1,1,NA,NA,NA,2,4,3,2,4,3,2,4,4,4,1,1,2,"","Deutsch",1,2,"","Workout","1,5","","","","","","","1,5","","","","","","","","","0",1,1
1765,"heiq-green","11","9","10","9","-","2",1,1,1,6,1,1,8,4,1,5,5,5,7,2,2,3,4,2,2,3,5,5,4,1,3,2,"","Deutsch",1,2,"","Fußball","7","Gehen ","5","","","","","12","Gehen","4","","","","","","","5",4,1
1773,"heiq-black","12","12","13","14","13","1,7",1,1,1,6,1,1,3,3,1,7,-9,8,6,5,1,2,4,3,5,3,4,4,4,2,2,1,"","",2,2,"","-","","","","","","","","0","","","","","","","","","",NA,2
1787,"heiq-green","11","11","9","10","99","2,2",7,1,1,2,5,2,1,7,7,1,1,8,1,1,1,2,2,2,1,2,4,4,4,2,2,2,"","Deutsch ",1,2,"","Fitness ","2","","","","","","","2","","","","","","","","","",NA,2
1789,"heiq-red","9","13","6","9","10","2,8",1,3,4,9,1,2,9,3,4,7,1,5,3,3,5,2,2,4,4,4,4,3,4,1,1,2,"","Deutsch",1,2,"","Fussball","7","Badminton ","6","Gym","4","","","17","Ausdauertraining","ca. 10 kommt immer auf das Training an","","","","","","","10",4,1
1797,"heiq-black","10","11","8","10","99","2,2",1,2,8,3,4,2,2,4,3,5,1,5,8,2,5,4,4,2,4,4,4,4,3,2,1,2,"","Deutsch",1,2,"","Reiten","1","","","","","","","1","","","","","","","","","",NA,2
1803,"heiq-red","14","12","13","12","14","1,3",1,9,1,8,1,1,3,4,1,7,-9,1,7,3,4,3,4,4,4,5,4,3,3,1,1,3,"Tablet","Deutsch",1,2,"","Fitnesstudio","3","Joggen","2","Intervalltraining/Tabata","2","","","7","Laufen","2","","","","","","","2",3,1
1829,"heiq-green","9","13","12","12","13","1,6",1,1,1,2,1,1,6,1,3,1,2,8,1,2,4,2,4,4,2,4,4,4,4,2,1,2,"","Deutsch",1,2,"","Gym","3","Schwimmen","1","","","","","4","Schwimmen","1","Incline Walk ","1","","","","","2",2,1
1831,"heiq-red","5","13","13","99","8","2,9",1,1,1,1,1,1,-9,4,7,5,-9,8,8,1,5,1,5,2,2,5,1,5,2,1,2,1,"","Deutsch",1,2,"","Fitness, hauptsächlich mit Körpergewicht","6","","","","","","","6","","","","","","","","","",NA,2
1845,"heiq-green","14","13","12","13","8","1,4",1,1,1,1,1,1,1,4,7,1,1,1,1,4,4,4,2,2,5,4,4,2,3,1,1,2,"","Deutsch ",1,2,"","Fußball ","5","","","","","","","5","Fußball ","5","","","","","","","5",3,1
1849,"heiq-green","1","5","10","12","8","3,3",1,3,1,1,1,4,2,4,1,3,2,3,6,4,3,2,4,2,4,2,4,2,5,1,1,1,"","deutsch",1,2,"","Schwimmen","5","Krafttraining ","4","","","","","8","Schwimmen","5","","","","","","","5",3,1
1857,"heiq-black","13","14","12","11","14","1,2",1,9,8,9,1,1,8,3,1,2,2,8,1,4,4,5,4,5,4,3,4,4,5,2,3,1,"","deutsch",1,2,"","Yoga","4","schwimmen","1","joggen","3","","","8","Joggen","3","schwimmen","1","Radfahren","2","","","6",3,1
1869,"heiq-black","11","13","14","14","99","1,2",1,1,9,1,1,1,1,4,4,1,6,1,1,4,4,3,4,4,4,3,5,2,4,1,1,1,"","Deutsch",1,2,"","Fitnessstudio","4","","","","","","","4","","","","","","","","","",NA,2
1873,"heiq-green","14","12","10","99","99","1,3",1,1,1,1,4,1,2,2,1,5,5,5,8,2,3,4,3,4,2,3,4,4,4,2,2,1,"","deutsch",1,2,"","Leichtathletik","8","homeworkout (Yoga,Pilates,Stretching)","1","","","","","9","Leichtathletik (Waldlauf, längere Läufe im Training)","3","","","","","","","3",4,1
1879,"heiq-red","14","12","13","14","14","1,4",1,1,1,1,1,1,1,1,1,5,1,1,1,4,2,4,4,2,4,2,4,2,2,1,1,2,"","deutsch",1,4,"","schwimmen","12","Kraft/Stabi","3","Fahrradfahren","4","","","21","Schwimmen","12","Radfahrne","4","","","","","16",5,1
1885,"heiq-green","8","10","5","13","12","2,8",1,1,1,2,1,1,3,3,7,5,1,6,8,4,3,3,2,4,5,2,5,4,5,1,1,2,"","Deutsch",1,5,"","Schwimmen","4,25","Laufen","1","Radfahren","1,5","","","6,75","Schwimmen ","4,25","Laufen","1","Radfahren","1,5","","","6,75",3,1
1891,"heiq-green","13","12","11","14","99","1,4",1,1,1,2,4,1,2,4,1,5,1,8,8,2,3,4,2,3,2,4,4,3,3,1,1,1,"","Deutsch",1,2,"","Leichtathletik","8","","","","","","","8","Leichtathletik","8","","","","","","","8",3,1
1893,"heiq-red","10","12","12","12","12","1,18",1,9,8,6,1,1,2,4,8,3,2,2,1,2,2,3,2,4,3,4,4,2,3,2,2,1,"","Deutsch",1,2,"","Schwimmen","4","Gym","12","Joggen","2","","","18","Schwimmen","4","Joggen","2","","","","","6",3,1
1901,"heiq-green","13","4","9","10","13","2,6",1,4,8,1,1,3,7,2,1,3,2,2,8,2,3,3,2,4,2,4,4,2,4,2,1,2,"","Deutsch",1,2,"","Schwimmen","15","Krafttraining","5","","","","","20","Schwimmen","20","","","","","","","20",5,1
1903,"heiq-green","13","13","13","14","99","1,2",1,1,1,1,1,1,3,1,1,1,1,8,7,4,2,5,4,4,3,5,4,1,3,1,2,1,"","deutsch",1,2,"","Kraftsport","4","Radfahren","3","Joggen","1","","","8","Radfahren","3","Joggen","1","","","","","4",4,1
1909,"heiq-black","12","13","13","11","14","1,2",1,1,1,2,1,2,1,1,7,8,1,8,7,3,5,3,2,5,4,3,4,3,4,2,1,3,"Tablet","Deutsch",1,2,"","homeworkouts","1","","","","","","","1","Joggen","1","","","","","","","1",1,1
1913,"heiq-green","10","8","8","9","6","2,6",1,1,1,2,1,1,1,5,3,5,3,8,1,4,4,5,1,2,4,2,5,1,3,1,2,2,"","Deutsch",1,5,"","CrossFit ","4,5","Joggen","0,5","","","","","5","Joggen ","0,5","","","","","","","0,5",3,1
1925,"heiq-black","","","","","","",1,1,1,1,1,1,8,1,1,1,1,8,1,4,4,5,3,3,4,4,3,3,3,1,1,1,"","deutsch",1,2,"","Joggen","3","","","","","","","3","Joggen","3","","","","","","","3",2,1
1945,"heiq-black","14","13","15","99","99","1,01",1,1,4,9,1,1,3,3,1,7,7,2,1,4,2,5,2,2,4,4,4,1,3,2,1,1,"","serbisch",1,2,"","Tennis","13-18","Fitness","1-2","","","","","14-20","","","","","","","","","",NA,2
1947,"heiq-red","8","8","8","10","13","2,9",1,1,1,1,1,1,1,4,7,1,6,1,1,4,4,1,2,5,4,2,4,1,5,1,1,1,"","Deutsch",1,7,"Diplom Fachhochschule","Triathlon","10","","","","","","","10","Triathlon","8,5","","","","","","","8,5",4,1
1951,"heiq-red","12","13","11","13","12","1,5",1,2,9,6,1,4,3,3,7,2,1,8,8,5,5,3,3,5,4,2,4,2,5,1,2,1,"","Deutsch",1,2,"","Volleyball","5","Joggen","1","","","","","6","Volleyball","5","Rennen","1","","","","","5",4,1
1953,"heiq-green","","","","","","",NA,1,1,NA,1,1,NA,NA,NA,NA,NA,NA,NA,1,5,2,2,2,3,4,5,3,3,1,3,2,"","English and pohnpeian",1,2,"","Swimming","20+","","","","","","","20+","Swimming","20+","","","","","","","20+",5,1
1959,"heiq-green","14","8","9","11","12","2,1",1,1,1,1,1,2,2,1,1,1,1,1,8,4,4,2,2,5,5,3,4,2,5,1,2,2,"","Deutsch",1,2,"","Joggen","4","Radfahren","2","Schwimmen","2","Gym","4","12","Triathlon ","8","","","","","","","8",4,1
1961,"heiq-red","'09","'07","'05","'09","10","2,6",1,1,4,1,1,2,-9,4,7,-9,NA,-9,-9,2,3,4,4,3,2,2,4,4,4,1,2,1,"","deutsch",1,2,"","Triathlon","12","","","","","","","12","Triathlon","10","","","","","","","10",4,1
1971,"heiq-green","7","14","12","12","12","1,8",1,9,8,2,5,1,6,2,1,2,4,8,5,2,4,2,4,3,4,3,5,4,4,1,1,2,"","Deutsch",1,2,"","Tanzen ","4,5","","","","","","","4,5","","","","","","","","","",NA,2
1975,"heiq-black","","","","","","",1,1,9,2,1,2,3,3,1,5,NA,5,-9,4,2,2,4,3,4,3,4,4,4,1,2,1,"","Deutsch",1,4,"","Fitness-Training","3","Bouldern","2","Volleyball","3","Joggen","1","9","Rennen","1","Fitness","3","","","","","4",3,1
1977,"heiq-green","15","7","9","13","99","1,6",1,1,1,1,1,1,1,1,1,1,1,1,1,4,4,4,3,4,5,3,4,3,4,1,2,1,"","Deutsch",1,4,"","Schwimmen","8","Krafttraining","2","","","","","10","Schwimmen","8","","","","","","","8",4,1
1979,"heiq-red","13","10","7","9","14","2,1",NA,9,9,2,1,4,2,2,4,-9,NA,NA,NA,2,3,4,3,5,4,2,4,3,4,2,1,1,"","deutsch",1,4,"","Dacharbeiten","24","","","","","","","24","Radfahren","3","","","","","","","3",2,1
1983,"heiq-green","14","13","13","14","14","1,4",1,1,1,1,1,1,1,4,1,1,1,4,1,4,4,4,5,5,4,3,4,3,4,1,1,1,"","Deutsch",1,2,"","Laufen","2","","","","","","","2","Laufen","2","","","","","","","2",1,1
1985,"heiq-black","14","14","13","14","12","1,2",1,1,1,1,1,1,1,1,7,1,1,8,1,3,4,4,4,4,4,3,5,2,4,1,1,1,"","deutsch",1,2,"","Volleyball","2","Gym","2","Tanzen","1","Schwimmen","1","6","Schwimmen","1","","","","","","","1",2,1
1987,"heiq-black","13-15","13-15","99","99","13-15","1,1",1,1,1,1,1,1,1,1,3,1,-9,8,1,2,4,3,3,5,3,5,4,4,4,1,3,2,"","Deutsch",1,2,"","Laufen","2,5","HIIT","0,5","","","","","3","Rennen","1,5","","","","","","","1,5",2,1
1991,"heiq-green","9","7","12","13","11","2,4",1,1,1,9,1,2,2,4,3,1,2,1,1,2,3,3,2,4,4,2,5,4,3,1,2,1,"","deutsch",1,3,"","Joggen","1","Yoga","1","Kraft& Beweglichkeit","1","","","3","joggen","1","","","","","","","1",2,1
1999,"heiq-black","9","10-12","13-15","7-9","13-15","2,4",1,9,9,1,1,4,6,2,1,7,5,5,7,3,4,4,3,5,3,5,4,3,5,2,1,1,"","Deutsch",1,4,"","Gym und Fitness","6","Yoga","3","","","","","9","Rennen","1","Radfahren","1","Rudern","1","","","3",4,1
2001,"heiq-red","15","13","99","99","99","1",1,1,1,1,1,1,1,1,1,1,1,1,1,4,4,4,2,3,4,4,4,1,4,1,1,1,"","Deutsch",1,2,"","Fitnessstudio","5","Wandern","4","Joggen","3","Langlauf (Ski)","2","14","Wandern","4","Joggen","3","Skilanglauf","2","","","9",3,1
2009,"heiq-green","13","13","14","14","14","1,8",1,3,9,3,1,4,7,5,4,1,7,4,7,2,5,3,4,5,5,5,4,1,5,2,1,1,"","Deutsch",1,2,"","Joggen","1","Fitness","0,5","","","","","1,5","","","","","","","","","",NA,2
2011,"heiq-black","5","9","11","7","11","2,7",1,1,9,9,1,2,3,1,4,5,5,5,7,3,3,3,3,5,4,3,4,4,5,2,1,1,"","deutsch",1,2,"","bouldern","4","","","","","","","4","","","","","","","","","",NA,2
2013,"heiq-green","14","15","15","14","14","1",1,1,1,1,1,1,3,1,1,1,1,8,1,5,4,4,4,2,4,1,5,2,2,1,1,1,"","deutsch",1,2,"","Yoga","4,5","","","","","","","4,5","","","","","","","","","",NA,2
2015,"heiq-red","14","15","15","99","99","1",1,1,1,2,1,2,5,2,1,1,1,1,1,4,3,5,2,4,5,2,5,1,4,1,1,2,"","Deutsch",1,2,"","Wettkampf schwimmen","früher 12","Tennis","früher 2","Mountainbike","früher 3","","","17","Schwimmen","früher 12","","","","","","","11",4,1
2017,"heiq-red","15","14","12","14","13","1",1,1,1,1,1,1,1,1,1,1,7,8,1,4,5,3,2,4,4,4,5,3,5,1,1,1,"","Deutsch",1,2,"","Spazierengrhen/Wandern","5","","","","","","","5","","","","","","","","","",NA,2
2021,"heiq-black","","","","","","",1,1,8,2,1,4,8,3,1,6,7,8,6,4,4,2,4,2,4,4,3,5,5,2,2,1,"","French",1,2,"","Running","3","Dance","'0.5","Extra answer","0","Extra answer","0","3.5","none","0","none","0","none","0","none","0","0",1,1
2031,"heiq-green","","","","","","",1,2,8,2,1,1,8,6,1,4,2,8,6,2,5,4,2,5,5,4,4,2,5,1,1,1,"","slovak",1,4,"","ballet","1","pole dance","1","cardio","1","","","3","","","","","","","","","",NA,2
2033,"heiq-black","14","13","14","15","99","1",1,1,1,1,1,1,1,1,4,4,1,8,5,4,4,4,2,4,5,2,4,2,5,1,1,1,"","Deutsch",1,2,"","Kampfkunst","2","Tanzen","2","Home-Workout","0,5","","","4,5","","","","","","","","","",NA,2
2043,"heiq-green","14","12","13","14","13","1,2",1,1,1,1,6,1,1,1,4,1,1,1,1,2,4,2,2,4,3,4,4,3,4,1,1,1,"","Deutsch",1,2,"","Volleyball","5","","","","","","","5","","","","","","","","","",NA,2
2057,"heiq-green","2","11","9","4","8","3,3",1,2,1,1,2,2,2,1,3,1,-9,-9,-9,4,3,4,2,3,4,3,4,2,4,1,1,1,"","deutsch",1,4,"","Wandern","19,5","","","","","","","19,5","","","","","","","","","",NA,2
2061,"heiq-red","","","","","","",1,1,1,1,1,1,1,1,1,1,1,1,1,2,4,4,4,3,2,5,4,4,3,1,1,1,"","Luxemburgisch",1,2,"","Basketball","9","Krafttraining","2","","","","","11","Basketball","2","","","","","","","2",4,1
2063,"heiq-green","13","14","12","10","12","1,5",1,1,8,2,1,1,1,4,1,5,7,1,1,4,5,4,3,5,4,2,5,4,5,1,3,1,"","deutsch",1,4,"","Tanzen","2","","","","","","","2","","","","","","","","","",NA,2
2067,"heiq-black","","","","","","",NA,NA,NA,NA,NA,NA,NA,NA,NA,NA,NA,NA,NA,5,4,3,3,5,5,3,4,2,4,1,1,1,"","Arabisch",1,2,"","Schwimmen","2","","","","","","","2","Schwimmen","2","","","","","","","2",1,1
2069,"heiq-red","15","14","13","99","99","1,4",1,1,1,1,5,1,4,1,1,1,1,1,1,2,4,3,5,3,3,2,4,5,4,1,2,2,"","Deutsch",1,2,"","Fahrradfahren","4","","","","","","","4","","","","","","","","","",NA,2
2073,"heiq-black","5","11","6","12","9","2,3",1,1,9,9,-9,2,6,1,5,1,1,6,1,4,4,3,2,3,5,3,4,2,3,1,2,1,"","deutsch",1,3,"","home workout (HIIT, Tabata, Yoga)","2","","","","","","","2","","","","","","","","","",NA,2
2077,"heiq-black","13","15","14","13","12","1,1",1,1,1,9,1,1,2,1,1,1,NA,8,-9,3,4,4,2,4,5,4,4,3,2,2,1,1,"","deutsch",1,2,"","Joggen","1","Tanzen","2","Workouts ","1","","","4","Laufen","1","Tanzen","2","","","","","3",2,1
2081,"heiq-red","12","10","13","10","13","1,9",1,1,9,1,1,2,8,2,4,5,2,8,7,2,3,3,4,5,3,3,4,5,5,2,1,1,"","Deutsch",1,2,"","Tennis ","2","Joggen ","1","Workout ","1","","","4","Tennis ","2","","","","","","","2",2,1
2087,"heiq-black","","","","","","",1,9,2,1,5,4,8,4,4,3,6,8,5,2,5,4,2,4,3,2,4,5,2,1,1,1,"","Afrikaans",1,4,"","Swimming","20 ","Pickelball","4","Gym","4","","","28","swimming","20","","","","","","","20",5,1
2099,"heiq-red","7","7","9","13","13","1,9",1,1,9,1,1,1,1,1,6,4,1,1,8,5,4,5,3,2,3,2,5,3,5,2,3,1,"","Deutsch",1,5,"","Schwimmen","6","","","","","","","6","Schwimmen","6","","","","","","","6",4,1
2103,"heiq-red","15","14","14","99","14","1",1,1,1,1,1,1,1,1,1,1,1,8,1,2,3,3,2,2,2,2,4,3,4,1,1,1,"","Deutsch",1,5,"","Klettern","3","Joggen","1","Schwimmen","'0.5","Tanzen","2","6.5","Schwimmen","'0.5","Joggen","1","Tanzen","2","","","3.5",3,1
2117,"heiq-black","10","14","15","13","99","1,1",1,1,1,1,1,1,2,1,1,1,-9,1,1,4,4,2,4,3,4,2,3,4,4,1,1,2,"","Deutsch",1,2,"","Handball","4","Fitnessstudio","6","","","","","10","Handball ","4","","","","","","","4",4,1
2123,"heiq-black","9","13","13","12","14","1,5",5,8,8,5,8,9,6,2,7,7,2,6,1,4,3,3,4,4,4,4,4,2,3,2,3,2,"","Deutsch",1,2,"","Fitnessstudio ","6","","","","","","","7","","","","","","","","","",NA,2
2125,"heiq-red","11","15","15","14","14","1",1,1,1,1,1,1,1,1,1,1,1,8,1,5,5,2,3,3,5,2,5,2,3,1,2,1,"","deutsch",1,2,"","Schwimmen","0,5","","","","","","","0,5","","","","","","","","","",NA,2
2127,"heiq-black","9","11","8","14","99","2",1,1,1,1,1,1,1,1,4,1,1,8,1,4,2,3,5,5,4,4,5,5,4,1,1,1,"","Deutsch",1,2,"","Eislaufen","3,5","","","","","","","3,5","Schwimmen","1","","","","","","","1",1,1
2129,"heiq-red","13","14","15","99","13","1",1,1,1,1,1,1,1,5,1,1,1,8,1,4,4,4,1,4,4,5,5,3,2,1,1,1,"","deutsch",1,3,"","Krafttraining","7","Ausdauertraining","6","","","","","13","Radfahren","5","","","","","","","5",3,1
2133,"heiq-green","7","10","12","-","-","2",1,4,8,1,6,2,6,7,7,3,3,7,8,2,2,4,4,4,4,5,5,4,3,2,1,2,"","Deutsch",1,2,"","Fitness","6","","","","","","","6","","","","","","","","","",NA,2
2147,"heiq-black","15","13","15","14","99","1",1,1,1,1,1,1,2,1,7,1,-9,1,1,2,4,4,3,1,2,3,4,4,2,1,1,1,"","Deutsch",1,2,"","Laufen","6","Radfahren","4","Krafttraining","2,5","","","12,5","Laufen","6","Radfahren","4","Laufband (aufwärmen im Fitnessstudio)","0,5","","","10,5",4,1
2151,"heiq-black","10","11","11","14","13","1,7",1,1,9,1,1,1,1,1,1,1,1,1,1,2,3,3,4,4,4,5,4,4,4,1,1,1,"","deutsch",1,2,"","Pilates","1","","","","","","","1","","","","","","","","","",NA,2
2153,"heiq-red","","","","","","",1,5,8,-9,5,4,4,7,7,3,2,2,1,5,5,5,2,1,5,4,5,2,2,1,1,2,"","Afrikaans ",1,4,"","Hockey ","4-5hrs","Gym ","8-9","Spinning ","2","","","16","Running ","1 ","Spinning ","2","","","","","3",4,1
2155,"heiq-green","10","13","14","14","99","1,4",-9,1,8,2,1,1,-9,4,7,7,NA,NA,NA,2,2,3,4,4,2,3,4,4,4,2,1,1,"","Deutsch  ",1,2,"","Joggen ","2","","","","","","","2","","","","","","","","","0",2,1
2157,"heiq-black","13","12","12","99","99","1,7",1,1,8,2,1,1,1,2,7,7,2,2,7,5,4,5,4,2,4,5,4,4,4,2,1,1,"","Deutsch",1,2,"","Fitnessstudio","4","","","","","","","4","","","","","","","","","",NA,2
2159,"heiq-green","10","13","9","9","15","1,6",1,1,1,2,1,2,2,1,-9,-9,NA,-9,NA,2,5,4,4,5,3,1,5,4,5,1,2,1,"","deutsch",1,4,"","calisthenics","5","","","","","","","5","","","","","","","","","",NA,2
2161,"heiq-red","12","10","14","99","9","1,8",1,1,9,2,8,2,8,6,7,7,4,1,8,2,3,5,1,2,4,2,2,1,5,2,1,1,"","Deutsch",1,2,"","Schwimmen","25","","","","","","","25","Schwimmen","18","","","","","","","18",5,1
2167,"heiq-black","","","","","","",1,1,1,1,1,2,3,4,1,7,2,2,3,2,2,3,3,2,4,4,3,3,4,1,2,1,"","Turkish",1,2,"","Basketball","1","Gym","4","Walking","2-3","","","6-7","Basketball","1","","","","","","","1",2,1
2177,"heiq-green","13","14","14","99","99","1,8",1,1,9,2,1,1,1,1,1,1,8,1,1,2,3,2,2,3,2,3,4,3,4,1,2,1,"","Deutsch",1,2,"","Krafttraining","8","","","","","","","8","","","","","","","","","",NA,2
2183,"heiq-green","12","11","99","99","99","1,7",NA,1,1,2,1,4,-9,2,-9,NA,NA,NA,NA,4,4,4,3,4,5,4,4,3,2,1,2,2,"","Deutsch",1,2,"","Joggen gehen","0,25","Basketball","2","Fitnesstudio","2","","","4,25","Laufen","0,25","Basketball ","2","Fitnesstudio","0,45","","","3",1,1
